SOURCE	Truth_Index	Predicted_Index	Truth_Nom	Predicted_Nom	Truth_Pages	Predicted_Pages	Distance	Quality
page_03_02_matches.csv	0	0	Bourgeois	Bourgeois (Général)	[296, 297, 402, 403, 547, 845, 598, 729, 1308, 1492, 1651, 1652, 1653]	[296, 297, 402, 403, 547, 598, 729, 1308, 1651, 1652, 1653]	0.2218	0.7782
page_03_02_matches.csv	1	1	Brager de La Ville-Moysan	Brager de La Ville-Moysan	[66, 96, 135, 248, 1012, 1167, 1426]	[66, 96, 135, 248, 1012, 1167, 1426]	0.0000	1.0000
page_03_02_matches.csv	2	2	Brard (Alfred)	Brard (Alfred)	<renvoi d'index>	<renvoi d'index>	0.0000	1.0000
page_03_02_matches.csv	3	3	Brenier (Joseph)	Brenier (Joseph)	[481, 565, 567, 586, 591, 592, 643, 644, 709]	[481, 565, 567, 586, 591, 592, 643, 644, 709]	0.0000	1.0000
page_03_02_matches.csv	4	4	Briand	Briand, ministre des affaires étrangères	[230, 233, 690]	[230, 233, 690]	0.3696	0.6304
page_03_02_matches.csv	5	5	Brindeau	Brindeau	[96, 248, 507, 801, 862, 1593]	[96, 248, 507, 801, 862, 1593]	0.0000	1.0000
page_03_02_matches.csv	6	6	Buhan (Eugène)	Buhan (Eugène)	[829, 831, 1362, 1808]	[829, 831, 1362, 1808]	0.0000	1.0000
page_03_02_matches.csv	7	7	Cabart-Danneville	Cabart-Danneville	[1, 512, 654, 680, 876, 1691]	[1, 512, 654, 680, 876, 1691]	0.0000	1.0000
page_03_02_matches.csv	8	8	Cadilhon	Cadilhon	[1630]	[1630]	0.0000	1.0000
page_03_02_matches.csv	9	9	Cadot (Henri)	Cadot (Henri)	[28, 594, 596, 967, 968]	[28, 594, 596, 967, 968]	0.0000	1.0000
page_03_02_matches.csv	10	10	Caillaux (Joseph)	Caillaux (Joseph)	[46, 124, 399, 439, 749, 812, 1061, 1162, 1169, 1170, 1389, 1420, 1421, 1423, 1426, 1441, 1442, 1444, 1446, 1447, 1474, 1476, 1477, 1478, 1479, 1480, 1482, 1515, 1516, 1457]	[46, 124, 399, 439, 749, 812, 1061, 1162, 1169, 1170, 1420, 1421, 1423, 1426, 1441, 1442, 1444, 1446, 1447, 1474, 1476, 1477, 1478, 1479, 1480, 1482, 1515, 1516]	0.0183	0.9817
page_03_02_matches.csv	11	11	Calmel (Armand)	Calmel (Armand)	<renvoi d'index>	<renvoi d'index>	0.0000	1.0000
page_03_02_matches.csv	12	12	Capus (Joseph)	Capus (Joseph)	[1344]	[1344]	0.0000	1.0000
page_03_02_matches.csv	13	13	Carrère (Gaston)	Carrère (Gaston)	[460, 480, 497, 562, 672, 763, 1333]	[460, 480, 497, 562, 672, 763, 1333]	0.0000	1.0000
page_03_02_matches.csv	14	14	Cassez (Emile)	Cassez (Emile)	[248, 491, 496, 499, 569, 570, 674, 863, 886, 938, 1389, 1320, 1670, 1721, 1728]	[248, 491, 496, 499, 569, 570, 674, 863, 886, 938, 1389, 1320, 1670, 1721, 1728]	0.0000	1.0000
page_03_02_matches.csv	15	15	Catalogne (Jacques)	Catalogne (Jacques)	[171, 173, 174]	[171, 173, 174]	0.0000	1.0000
page_03_02_matches.csv	16	16	Cathala	Cathala, sous-secrétaire d'Etat au ministère de l'intérieur	[305, 306, 460, 622, 623, 624, 625, 843, 761, 1286]	[305, 306, 460, 622, 623, 624, 625, 843, 761, 1286]	0.3939	0.6061
page_03_02_matches.csv	17	17	Cavillon (Edmond)	Cavilion (Edmond)	<renvoi d'index>	<renvoi d'index>	0.0588	0.9412
page_03_02_matches.csv	18	18	Champetier de Ribes	Champetier de Ribes, ministre des pensions	[600, 601, 852]	[600, 601, 852]	0.1885	0.8115
page_03_02_matches.csv	19	19	Chanal (Eugène)	Chanal (Eugène)	<renvoi d'index>	<renvoi d'index>	0.0000	1.0000
page_03_02_matches.csv	20	20	Chappedelaine (de)	Chappedelaine (de), ministre de la marine marchande	[93, 509, 510, 511, 512, 513, 1520, 1699]	[93, 509, 510, 511, 512, 513, 1520, 1699]	0.2391	0.7609
page_03_02_matches.csv	21	21	Chapsal (Fernand)	Chapsal (Fernand)	[87, 97, 169, 870, 874, 1127, 1322, 1334, 1695, 1768]	[87, 97, 169, 870, 874, 1127, 1322, 1334, 1695, 1768]	0.0000	1.0000
page_03_02_matches.csv	22	22	Charabot (Eugène)	Charabot (Eugène)	[443]	[443]	0.0000	1.0000
page_03_02_matches.csv	23	23	Chassaing	Chassaing	[68, 441, 442, 446, 500, 552, 548, 577, 603, 847, 606, 661, 719, 772, 773, 824, 1644, 1666, 1668, 1691, 1720, 1725]	[68, 441, 442, 446, 500, 552, 548, 577, 603, 847, 606, 661, 719, 772, 773, 824, 1644, 1666, 1668, 1691, 1720, 1725]	0.0000	1.0000
page_03_02_matches.csv	24	24	Chauveau	Chauveau	[]	<renvoi d'index>	0.0000	1.0000
page_03_01_matches.csv	0	0	Bourgeois	Bourgeois (Général)	[296, 297, 402, 403, 547, 845, 598, 729, 1308, 1492, 1651, 1652, 1653]	[296, 297, 402, 403, 547, 598, 729, 1308, 1492, 1651, 1652, 1653]	0.1962	0.8038
page_03_01_matches.csv	1	1	Brager de La Ville-Moysan	Brager de La Ville-Moysan	[66, 96, 135, 248, 1012, 1167, 1426]	[66, 96, 135, 248, 1012, 1167, 1426]	0.0000	1.0000
page_03_01_matches.csv	2	2	Brard (Alfred)	Brard (Alfred)	<renvoi d'index>	<renvoi d'index>	0.0000	1.0000
page_03_01_matches.csv	3	3	Brenier (Joseph)	Brenier (Joseph)	[481, 565, 567, 586, 591, 592, 643, 644, 709]	[481, 565, 567, 586, 591, 592, 643, 644, 709]	0.0000	1.0000
page_03_01_matches.csv	4	4	Briand	Briand, ministre des affaires étrangères	[230, 233, 690]	[230, 233, 690]	0.3696	0.6304
page_03_01_matches.csv	5	5	Brindeau	Brindeau	[96, 248, 507, 801, 862, 1593]	[96, 248, 507, 801, 862, 1593]	0.0000	1.0000
page_03_01_matches.csv	6	6	Buhan (Eugène)	Buhan (Eugène)	[829, 831, 1362, 1808]	[829, 831, 1362, 1808]	0.0000	1.0000
page_03_01_matches.csv	7	7	Cabart-Danneville	Cabart-Danneville	[1, 512, 654, 680, 876, 1691]	[1, 512, 654, 680, 876, 1691]	0.0000	1.0000
page_03_01_matches.csv	8	8	Cadilhon	Cadilhon	[1630]	[1630]	0.0000	1.0000
page_03_01_matches.csv	9	9	Cadot (Henri)	Cadot (Henri)	[28, 594, 596, 967, 968]	[28, 594, 596, 967, 968]	0.0000	1.0000
page_03_01_matches.csv	10	10	Caillaux (Joseph)	Caillaux (Joseph)	[46, 124, 399, 439, 749, 812, 1061, 1162, 1169, 1170, 1389, 1420, 1421, 1423, 1426, 1441, 1442, 1444, 1446, 1447, 1474, 1476, 1477, 1478, 1479, 1480, 1482, 1515, 1516, 1457]	[46, 124, 399, 439, 749, 812, 1061, 1162, 1169, 1170, 1420, 1421, 1423, 1426, 1441, 1442, 1444, 1446, 1447, 1474, 1476, 1477, 1478, 1479, 1480, 1482, 1515, 1516, 1457]	0.0090	0.9910
page_03_01_matches.csv	11	11	Calmel (Armand)	Calmel (Armand)	<renvoi d'index>	<renvoi d'index>	0.0000	1.0000
page_03_01_matches.csv	12	12	Capus (Joseph)	Capus (Joseph)	[1344]	[1344]	0.0000	1.0000
page_03_01_matches.csv	13	13	Carrère (Gaston)	Carrère (Gaston)	[460, 480, 497, 562, 672, 763, 1333]	[460, 480, 497, 562, 672, 763, 1333]	0.0000	1.0000
page_03_01_matches.csv	14	14	Cassez (Emile)	Cassez (Emile)	[248, 491, 496, 499, 569, 570, 674, 863, 886, 938, 1389, 1320, 1670, 1721, 1728]	[248, 491, 496, 499, 569, 570, 674, 863, 886, 938, 1389, 1320, 1670, 1721, 1728]	0.0000	1.0000
page_03_01_matches.csv	15	15	Catalogne (Jacques)	Catalogne (Jacques)	[171, 173, 174]	[171, 173, 174]	0.0000	1.0000
page_03_01_matches.csv	16	16	Cathala	Cathala, sous-secrétaire d'Etat au ministère de l'intérieur	[305, 306, 460, 622, 623, 624, 625, 843, 761, 1286]	[305, 306, 460, 622, 623, 624, 625, 843, 761, 1286]	0.3939	0.6061
page_03_01_matches.csv	17	17	Cavillon (Edmond)	Cavillon (Edmond)	<renvoi d'index>	<renvoi d'index>	0.0000	1.0000
page_03_01_matches.csv	18	18	Champetier de Ribes	Champetier de Ribes, ministre des pensions	[600, 601, 852]	[600, 601, 852]	0.1885	0.8115
page_03_01_matches.csv	19	19	Chanal (Eugène)	Chanal (Eugène)	<renvoi d'index>	<renvoi d'index>	0.0000	1.0000
page_03_01_matches.csv	20	20	Chappedelaine (de)	Chappedelaine (de), ministre de la marine marchande	[93, 509, 510, 511, 512, 513, 1520, 1699]	[93, 509, 510, 511, 512, 513, 1520, 1699]	0.2391	0.7609
page_03_01_matches.csv	21	21	Chapsal (Fernand)	Chapsal (Fernand)	[87, 97, 169, 870, 874, 1127, 1322, 1334, 1695, 1768]	[87, 97, 169, 870, 874, 1127, 1322, 1334, 1695, 1768]	0.0000	1.0000
page_03_01_matches.csv	22	22	Charabot (Eugène)	Charabot (Eugène)	[443]	[443]	0.0000	1.0000
page_03_01_matches.csv	23	23	Chassaing	Chassaing	[68, 441, 442, 446, 500, 552, 548, 577, 603, 847, 606, 661, 719, 772, 773, 824, 1644, 1666, 1668, 1691, 1720, 1725]	[68, 441, 442, 446, 500, 552, 548, 577, 603, 847, 606, 661, 719, 772, 773, 824, 1644, 1666, 1668, 1691, 1720, 1725]	0.0000	1.0000
page_03_01_matches.csv	24	24	Chauveau	Chauveau	[]	<renvoi d'index>	0.0000	1.0000
page_03_03_matches.csv	0	1	Bourgeois	Bourgeois (Général)	[296, 297, 402, 403, 547, 845, 598, 729, 1308, 1492, 1651, 1652, 1653]	[296, 297, 402, 403, 547, 598, 729, 1308, 1492, 1651, 1652, 1653]	0.1962	0.8038
page_03_03_matches.csv	1	2	Brager de La Ville-Moysan	Brager de La Ville-Moysan	[66, 96, 135, 248, 1012, 1167, 1426]	[66, 96, 135, 248, 1012, 1167, 1426]	0.0000	1.0000
page_03_03_matches.csv	2	3	Brard (Alfred)	Brard (Alfred)	<renvoi d'index>	<renvoi d'index>	0.0000	1.0000
page_03_03_matches.csv	3	4	Brenier (Joseph)	Brenier (Joseph)	[481, 565, 567, 586, 591, 592, 643, 644, 709]	[481, 565, 567, 586, 591, 592, 643, 644, 709]	0.0000	1.0000
page_03_03_matches.csv	4	5	Briand	Briand, ministre des affaires étrangères	[230, 233, 690]	[230, 233, 690]	0.3696	0.6304
page_03_03_matches.csv	5	6	Brindeau	Brindeau	[96, 248, 507, 801, 862, 1593]	[96, 248, 507, 801, 862, 1593]	0.0000	1.0000
page_03_03_matches.csv	6	7	Buhan (Eugène)	Buhan (Eugène)	[829, 831, 1362, 1808]	[829, 831, 1362, 1808, 512, 654, 680, 876, 1691]	0.1818	0.8182
page_03_03_matches.csv	7	24	Cabart-Danneville	Cabart-Danneville	[1, 512, 654, 680, 876, 1691]	[1, 441, 442, 446, 500, 552, 548, 577, 603, 847, 606, 661, 719, 772, 773, 824, 1644, 1666, 1668, 1691, 1720, 1725]	0.3621	0.6379
page_03_03_matches.csv	8	8	Cadilhon	Cadilhon	[1630]	[1630]	0.0000	1.0000
page_03_03_matches.csv	9	9	Cadot (Henri)	Cadot (Henri)	[28, 594, 596, 967, 968]	[28, 594, 596, 967, 968]	0.0000	1.0000
page_03_03_matches.csv	10	10	Caillaux (Joseph)	Caillaux (Joseph)	[46, 124, 399, 439, 749, 812, 1061, 1162, 1169, 1170, 1389, 1420, 1421, 1423, 1426, 1441, 1442, 1444, 1446, 1447, 1474, 1476, 1477, 1478, 1479, 1480, 1482, 1515, 1516, 1457]	[46, 124, 399, 439, 749, 812, 1389, 1061, 1162, 1169, 1170, 1420, 1421, 1423, 1426, 1441, 1442, 1444, 1446, 1447, 1474, 1476, 1477, 1478, 1479, 1480, 1482, 1515, 1516, 1457]	0.0177	0.9823
page_03_03_matches.csv	11	11	Calmel (Armand)	Calmel (Armand)	<renvoi d'index>	<renvoi d'index>	0.0000	1.0000
page_03_03_matches.csv	12	12	Capus (Joseph)	Capus (Joseph)	[1344]	[1344]	0.0000	1.0000
page_03_03_matches.csv	13	13	Carrère (Gaston)	Carrère (Gaston)	[460, 480, 497, 562, 672, 763, 1333]	[460, 480, 497, 562, 672, 763, 1333]	0.0000	1.0000
page_03_03_matches.csv	14	14	Cassez (Emile)	Cassez (Emile)	[248, 491, 496, 499, 569, 570, 674, 863, 886, 938, 1389, 1320, 1670, 1721, 1728]	[248, 491, 496, 499, 569, 570, 674, 863, 886, 938, 1389, 1320, 1670, 1721, 1728]	0.0000	1.0000
page_03_03_matches.csv	15	15	Catalogne (Jacques)	Catalogne (Jacques)	[171, 173, 174]	[171, 173, 174]	0.0000	1.0000
page_03_03_matches.csv	16	16	Cathala	Cathala, sous-secrétaire d'Etat au ministère de l'intérieur	[305, 306, 460, 622, 623, 624, 625, 843, 761, 1286]	[305, 306, 460, 622, 623, 624, 625, 843, 761, 1286]	0.3939	0.6061
page_03_03_matches.csv	17	17	Cavillon (Edmond)	Cavilion (Edmond)	<renvoi d'index>	<renvoi d'index>	0.0588	0.9412
page_03_03_matches.csv	18	18	Champetier de Ribes	Champetier de Ribes, ministre des pensions	[600, 601, 852]	[600, 601, 852]	0.1885	0.8115
page_03_03_matches.csv	19	19	Chanal (Eugène)	Chanal (Eugène)	<renvoi d'index>	<renvoi d'index>	0.0000	1.0000
page_03_03_matches.csv	20	20	Chappedelaine (de)	Chappedelaine (de), ministre de la marine marchande	[93, 509, 510, 511, 512, 513, 1520, 1699]	[93, 509, 510, 511, 512, 513, 1520, 1699]	0.2391	0.7609
page_03_03_matches.csv	21	21	Chapsal (Fernand)	Chapsal (Fernand)	[87, 97, 169, 870, 874, 1127, 1322, 1334, 1695, 1768]	[87, 97, 169, 870, 874, 1127, 1322, 1334, 1695, 1768]	0.0000	1.0000
page_03_03_matches.csv	22	22	Charabot (Eugène)	Charabot (Eugène)	[443]	[443]	0.0000	1.0000
page_03_03_matches.csv	23	23	Chassaing	Chassaing	[68, 441, 442, 446, 500, 552, 548, 577, 603, 847, 606, 661, 719, 772, 773, 824, 1644, 1666, 1668, 1691, 1720, 1725]	[68, 441, 442, 446, 500, 552, 548, 577, 603, 847, 606, 661, 719, 772, 773, 824, 1644, 1666, 1668, 1691, 1720, 1725]	0.0000	1.0000
page_03_03_matches.csv	24	0	Chauveau	Chauveau	[]	[296, 297, 402, 403, 547, 598, 729, 1308, 1492, 1651, 1652, 1653]	0.5000	0.5000
page_10_03_matches.csv	0	0	Lisbonne	Lisbonne	[342, 1153, 1192, 1327]	[312, 1153, 1192, 1327]	0.0333	0.9667
page_10_03_matches.csv	1	1	Loubet	Loubet	[7, 378, 450, 451, 1358, 1359, 1687]	[7, 378, 450, 451, 1358, 1359, 1687]	0.0000	1.0000
page_10_03_matches.csv	2	2	Linyer (Louis)	Louis Linyer	[194, 659, 774, 1072, 1136, 1322, 1363, 1389]	[194, 659, 774, 1072, 1136, 1322, 1389, 1363]	0.3382	0.6618
page_10_03_matches.csv	3	3	Pasquet (Louis)	Louis Pasquet	[935]	[935]	0.2500	0.7500
page_10_03_matches.csv	4	4	Serre (Louis)	Louis Serre	[113, 114, 176, 342, 348, 349, 350, 413, 414, 415, 558, 607, 644, 670, 703, 725, 726, 759, 882, 991, 1244, 1356, 1367, 1441, 1461, 1462, 1475, 1476, 1480, 1481, 1532, 1551, 1666, 1668, 1673, 1677, 1678, 1680, 1815]	[113, 114, 176, 342, 318, 350, 413, 414, 415, 349, 558, 607, 644, 703, 759, 670, 725, 726, 882, 991, 1244, 1356, 1367, 1441, 1461, 1462, 1475, 1476, 1480, 1481, 1532, 1551, 1666, 1668, 1673, 1677, 1678, 1680, 1815]	0.3284	0.6716
page_10_03_matches.csv	5	5	Soulié (Louis)	Louis Soulie	[132, 160, 198, 966, 968, 984, 1066, 1127, 1388, 1389, 1527, 1532, 1538, 1680, 1723, 1760]	[132, 198, 966, 968, 1389, 160, 984, 1066, 1127, 1388, 1389, 1527, 1532, 1538, 1680, 1723, 1760]	0.3494	0.6506
page_10_03_matches.csv	6	6	Lubersac (Marquis de)	Lubersac (Marquis de)	[8, 389, 464, 466, 467, 489, 541, 548, 549, 1002]	[8, 389, 464, 466, 467, 489, 541, 548, 549, 1002]	0.0000	1.0000
page_10_03_matches.csv	7	7	Ludre-Frolois (de)	Ludre-Frolois (de)	[1438]	[1438]	0.0000	1.0000
page_10_03_matches.csv	8	8	Lugol (Georges)	Lugol (Georges)	[325, 339, 343, 344, 345, 346, 347, 348, 349, 350, 353, 361, 362, 373, 375, 381, 382, 383, 384, 411, 412, 413, 416, 417, 419, 420, 421, 423, 462, 463, 466, 1744, 1745, 1816, 1818, 1819]	[325, 339, 343, 344, 345, 346, 347, 348, 349, 350, 353, 361, 362, 373, 375, 381, 382, 383, 384, 412, 413, 416, 417, 419, 420, 421, 423, 462, 463, 466, 1744, 1745, 1816, 1818, 1819]	0.0067	0.9933
page_10_03_matches.csv	9	9	Machet (Georges-Emile)	Machet (Georges-Emile)	[8, 143]	[8, 143]	0.0000	1.0000
page_10_03_matches.csv	10	10	Maginot	Maginot, ministre de la guerre	[1010, 1308]	[1010, 1308]	0.3108	0.6892
page_10_03_matches.csv	11	11	Mahieu (Albert)	Mahieu (Albert)	<renvoi d'index>	[1438]	0.5000	0.5000
page_10_03_matches.csv	12	12	Manceau (Anatole)	Manceau (Anatole)	<renvoi d'index>	[1438]	0.5000	0.5000
page_10_03_matches.csv	13	13	Mando	Mando	[189]	[189]	0.0000	1.0000
page_10_03_matches.csv	14	14	Michel (Marcel)	Marcel Michel	[499, 702, 703, 852, 899, 1220]	[499, 702, 703, 852, 899, 1220]	0.2857	0.7143
page_10_03_matches.csv	15	15	Plaisant (Marcel)	Marcel Plaisant	[1, 224, 1388, 1389, 1621, 1627]	[1, 224, 1388, 1389, 1621, 1627]	0.2500	0.7500
page_10_03_matches.csv	16	16	Marguerie (Marquis de)	Marguerie (Marquis de)	[1322, 1362]	[1322, 1362]	0.0000	1.0000
page_10_03_matches.csv	17	17	Roustan (Mario)	Mario Roustan, ministre de l'instruction publique	[157, 158, 289, 299, 575, 576, 577, 578, 579, 582, 585, 586, 589, 590, 593, 594, 596, 789, 791, 792, 793, 795, 1030, 1031, 1032, 1061, 1389, 1416, 1436, 1437, 1453, 1458, 1470, 1647, 1649, 1651, 1654]	[157, 158, 289, 299, 575, 576, 577, 578, 579, 582, 585, 586, 589, 590, 593, 594, 596, 789, 791, 792, 793, 795, 1030, 1031, 1032, 1061, 1416, 1436, 1437, 1453, 1458, 1470, 1647, 1649, 1651, 1654]	0.3206	0.6794
page_10_03_matches.csv	18	18	Marraud (Pierre)	Marraud (Pierre)	<renvoi d'index>	[1438]	0.5000	0.5000
page_10_03_matches.csv	19	19	Marrou (Baptiste)	Marrou (Baptiste)	[1694]	[1694]	0.0000	1.0000
page_10_03_matches.csv	20	20	Martin (Louis)	Martin (Louis)	[583, 689, 1152, 1153, 1770, 1771, 1811]	[583, 689, 1152, 1153, 1770, 1771, 1811, 1770]	0.0357	0.9643
page_10_03_matches.csv	21	21	Martin-Binachon	Martin-Binachon	[517, 1258, 1267, 1278]	[517, 1258, 1267, 1278]	0.0000	1.0000
page_10_03_matches.csv	22	22	Mauger (Hippolyte)	Mauger (Hippolyte)	[29, 30, 135, 172]	[29, 29, 29, 135, 172, 172]	0.1800	0.8200
page_10_01_matches.csv	0	0	Lisbonne	Lisbonne	[342, 1153, 1192, 1327]	[342, 1153, 1192, 1327]	0.0000	1.0000
page_10_01_matches.csv	1	1	Loubet	Loubet	[7, 378, 450, 451, 1358, 1359, 1687]	[7, 378, 450, 451, 1358, 1359, 1687]	0.0000	1.0000
page_10_01_matches.csv	2	2	Linyer (Louis)	Louis Linyer	[194, 659, 774, 1072, 1136, 1322, 1363, 1389]	[194, 659, 774, 1072, 1136, 1322, 1389, 1363]	0.3382	0.6618
page_10_01_matches.csv	3	3	Pasquet (Louis)	Louis Pasquet	[935]	[935]	0.2500	0.7500
page_10_01_matches.csv	4	4	Serre (Louis)	Louis Serre	[113, 114, 176, 342, 348, 349, 350, 413, 414, 415, 558, 607, 644, 670, 703, 725, 726, 759, 882, 991, 1244, 1356, 1367, 1441, 1461, 1462, 1475, 1476, 1480, 1481, 1532, 1551, 1666, 1668, 1673, 1677, 1678, 1680, 1815]	[113, 114, 176, 342, 348, 350, 413, 414, 415, 349, 558, 607, 644, 703, 759, 670, 725, 726, 882, 991, 1244, 1356, 1367, 1441, 1461, 1462, 1475, 1476, 1480, 1481, 1532, 1551, 1666, 1668, 1673, 1677, 1678, 1680, 1815]	0.3248	0.6752
page_10_01_matches.csv	5	5	Soulié (Louis)	Louis Soulié	[132, 160, 198, 966, 968, 984, 1066, 1127, 1388, 1389, 1527, 1532, 1538, 1680, 1723, 1760]	[132, 198, 966, 968, 1389, 160, 984, 1066, 1127, 1388, 1527, 1532, 1538, 1680, 1723, 1760]	0.3296	0.6704
page_10_01_matches.csv	6	6	Lubersac (Marquis de)	Lubersac (Marquis de)	[8, 389, 464, 466, 467, 489, 541, 548, 549, 1002]	[8, 389, 464, 466, 467, 489, 541, 548, 549, 1002]	0.0000	1.0000
page_10_01_matches.csv	7	7	Ludre-Frolois (de)	Ludre-Frolois (de)	[1438]	[1438]	0.0000	1.0000
page_10_01_matches.csv	8	8	Lugol (Georges)	Lugol (Georges)	[325, 339, 343, 344, 345, 346, 347, 348, 349, 350, 353, 361, 362, 373, 375, 381, 382, 383, 384, 411, 412, 413, 416, 417, 419, 420, 421, 423, 462, 463, 466, 1744, 1745, 1816, 1818, 1819]	[325, 339, 343, 344, 345, 346, 347, 348, 349, 350, 353, 361, 362, 373, 375, 381, 382, 383, 384, 412, 413, 416, 417, 419, 420, 421, 423, 339, 344, 347, 348, 349, 350, 361, 381, 411, 420, 421, 462, 463, 466, 1744, 1745, 1816, 1818, 1819]	0.0703	0.9297
page_10_01_matches.csv	9	9	Machet (Georges-Emile)	Machet (Georges-Emile)	[8, 143]	[8, 143]	0.0000	1.0000
page_10_01_matches.csv	10	10	Maginot	Maginot, ministre de la guerre	[1010, 1308]	[1010, 1308]	0.3108	0.6892
page_10_01_matches.csv	11	11	Mahieu (Albert)	Mahieu (Albert)	<renvoi d'index>	<renvoi d'index>	0.0000	1.0000
page_10_01_matches.csv	12	12	Manceau (Anatole)	Manceau (Anatole)	<renvoi d'index>	<renvoi d'index>	0.0000	1.0000
page_10_01_matches.csv	13	13	Mando	Mando	[189]	[189]	0.0000	1.0000
page_10_01_matches.csv	14	14	Michel (Marcel)	Marcel Michel	[499, 702, 703, 852, 899, 1220]	[499, 702, 703, 852, 899, 1220]	0.2857	0.7143
page_10_01_matches.csv	15	15	Plaisant (Marcel)	Marcel Plaisant	[1, 224, 1388, 1389, 1621, 1627]	[1, 224, 1388, 1389, 1621, 1627]	0.2500	0.7500
page_10_01_matches.csv	16	16	Marguerie (Marquis de)	Marguerie (Marquis de)	[1322, 1362]	[1322, 1362]	0.0000	1.0000
page_10_01_matches.csv	17	17	Roustan (Mario)	Mario Roustan, ministre de l'instruction publique	[157, 158, 289, 299, 575, 576, 577, 578, 579, 582, 585, 586, 589, 590, 593, 594, 596, 789, 791, 792, 793, 795, 1030, 1031, 1032, 1061, 1389, 1416, 1436, 1437, 1453, 1458, 1470, 1647, 1649, 1651, 1654]	[157, 158, 289, 299, 575, 576, 577, 578, 579, 582, 585, 586, 589, 590, 593, 594, 596, 789, 791, 792, 793, 795, 1030, 1031, 1032, 1061, 1416, 1436, 1437, 1453, 1458, 1470, 1647, 1649, 1651, 1654]	0.3206	0.6794
page_10_01_matches.csv	18	18	Marraud (Pierre)	Marraud (Pierre)	<renvoi d'index>	<renvoi d'index>	0.0000	1.0000
page_10_01_matches.csv	19	19	Marrou (Baptiste)	Marrou (Baptiste)	[1694]	[1694]	0.0000	1.0000
page_10_01_matches.csv	20	20	Martin (Louis)	Martin (Louis)	[583, 689, 1152, 1153, 1770, 1771, 1811]	[583, 689, 1152, 1153, 1770, 1771, 1811, 1770]	0.0357	0.9643
page_10_01_matches.csv	21	21	Martin-Binachon	Martin-Binachon	[517, 1258, 1267, 1278]	[517, 1258, 1267, 1278]	0.0000	1.0000
page_10_01_matches.csv	22	22	Mauger (Hippolyte)	Mauger (Hippolyte)	[29, 30, 135, 172]	[29, 29, 29, 135, 172, 172]	0.1800	0.8200
page_10_02_matches.csv	0	0	Lisbonne	Lisbonne	[342, 1153, 1192, 1327]	[342, 1153, 1192, 1327]	0.0000	1.0000
page_10_02_matches.csv	1	1	Loubet	Loubet	[7, 378, 450, 451, 1358, 1359, 1687]	[7, 378, 450, 451, 1358, 1359, 1687]	0.0000	1.0000
page_10_02_matches.csv	2	2	Linyer (Louis)	Louis Linyer	[194, 659, 774, 1072, 1136, 1322, 1363, 1389]	[194, 659, 774, 1072, 1136, 1322, 1389, 1363]	0.3382	0.6618
page_10_02_matches.csv	3	3	Pasquet (Louis)	Louis Pasquet	[935]	[935]	0.2500	0.7500
page_10_02_matches.csv	4	4	Serre (Louis)	Louis Serre	[113, 114, 176, 342, 348, 349, 350, 413, 414, 415, 558, 607, 644, 670, 703, 725, 726, 759, 882, 991, 1244, 1356, 1367, 1441, 1461, 1462, 1475, 1476, 1480, 1481, 1532, 1551, 1666, 1668, 1673, 1677, 1678, 1680, 1815]	[113, 114, 176, 342, 318, 350, 413, 414, 415, 349, 558, 607, 644, 703, 759, 670, 725, 726, 882, 991, 1244, 1356, 1367, 1441, 1461, 1462, 1475, 1476, 1480, 1481, 1532, 1551, 1666, 1668, 1673, 1677, 1678, 1680, 1815]	0.3284	0.6716
page_10_02_matches.csv	5	5	Soulié (Louis)	Louis Soulie	[132, 160, 198, 966, 968, 984, 1066, 1127, 1388, 1389, 1527, 1532, 1538, 1680, 1723, 1760]	[132, 198, 966, 968, 1389, 160, 984, 1066, 1127, 1388, 1389, 1527, 1532, 1538, 1680, 1723, 1760]	0.3494	0.6506
page_10_02_matches.csv	6	6	Lubersac (Marquis de)	Lubersac (Marquis de)	[8, 389, 464, 466, 467, 489, 541, 548, 549, 1002]	[8, 389, 489, 541, 548, 549, 1002]	0.0918	0.9082
page_10_02_matches.csv	7	7	Ludre-Frolois (de)	Ludre-Frolois (de)	[1438]	[1438]	0.0000	1.0000
page_10_02_matches.csv	8	8	Lugol (Georges)	Lugol (Georges)	[325, 339, 343, 344, 345, 346, 347, 348, 349, 350, 353, 361, 362, 373, 375, 381, 382, 383, 384, 411, 412, 413, 416, 417, 419, 420, 421, 423, 462, 463, 466, 1744, 1745, 1816, 1818, 1819]	[325, 339, 343, 344, 345, 346, 347, 348, 349, 350, 353, 361, 362, 373, 375, 381, 382, 383, 384, 412, 413, 416, 417, 419, 420, 421, 423, 339, 344, 347, 348, 349, 350, 361, 381, 411, 420, 421, 462, 463, 466, 1744, 1745, 1816, 1818, 1819]	0.0703	0.9297
page_10_02_matches.csv	9	9	Machet (Georges-Emile)	Machet (Georges-Emile)	[8, 143]	[8, 143]	0.0000	1.0000
page_10_02_matches.csv	10	10	Maginot	Maginot, ministre de la guerre	[1010, 1308]	[1010, 1308]	0.3108	0.6892
page_10_02_matches.csv	11	11	Mahieu (Albert)	Mahieu (Albert)	<renvoi d'index>	<renvoi d'index>	0.0000	1.0000
page_10_02_matches.csv	12	12	Manceau (Anatole)	Manceau (Anatole)	<renvoi d'index>	<renvoi d'index>	0.0000	1.0000
page_10_02_matches.csv	13	13	Mando	Mando	[189]	[189]	0.0000	1.0000
page_10_02_matches.csv	14	14	Michel (Marcel)	Marcel Michel	[499, 702, 703, 852, 899, 1220]	[499, 702, 703, 852, 899, 1220]	0.2857	0.7143
page_10_02_matches.csv	15	15	Plaisant (Marcel)	Marcel Plaisant	[1, 224, 1388, 1389, 1621, 1627]	[1, 224, 1388, 1389, 1621, 1627]	0.2500	0.7500
page_10_02_matches.csv	16	16	Marguerie (Marquis de)	Marguerie (Marquis de)	[1322, 1362]	[1322, 1362]	0.0000	1.0000
page_10_02_matches.csv	17	17	Roustan (Mario)	Mario Roustan, ministre de l'instruction publique	[157, 158, 289, 299, 575, 576, 577, 578, 579, 582, 585, 586, 589, 590, 593, 594, 596, 789, 791, 792, 793, 795, 1030, 1031, 1032, 1061, 1389, 1416, 1436, 1437, 1453, 1458, 1470, 1647, 1649, 1651, 1654]	[157, 158, 289, 299, 575, 576, 577, 578, 579, 582, 585, 586, 589, 590, 593, 594, 596, 789, 791, 792, 793, 795, 1030, 1031, 1032, 1061, 1416, 1436, 1437, 1453, 1458, 1470, 1647, 1649, 1651, 1654]	0.3206	0.6794
page_10_02_matches.csv	18	18	Marraud (Pierre)	Marraud (Pierre)	<renvoi d'index>	<renvoi d'index>	0.0000	1.0000
page_10_02_matches.csv	19	19	Marrou (Baptiste)	Marrou (Baptiste)	[1694]	[1694]	0.0000	1.0000
page_10_02_matches.csv	20	20	Martin (Louis)	Martin (Louis)	[583, 689, 1152, 1153, 1770, 1771, 1811]	[583, 689, 1152, 1153, 1770, 1771, 1811, 1770]	0.0357	0.9643
page_10_02_matches.csv	21	21	Martin-Binachon	Martin-Binachon	[517, 1258, 1267, 1278]	[517, 1258, 1267, 1278]	0.0000	1.0000
page_10_02_matches.csv	22	22	Mauger (Hippolyte)	Mauger (Hippolyte)	[29, 30, 135, 172]	[29, 29, 29, 135, 172, 172]	0.1800	0.8200
page_04_03_matches.csv	0	0	Cheron (Henry)	Cheron (Henry)	[318, 434, 661, 776, 792, 1699]	[106, 112, 213, 563, 653, 655, 1026, 1113, 1316, 318, 434, 661, 776, 792, 1699]	0.2206	0.7794
page_04_03_matches.csv	1	1	Connevot	Connevot	[205, 1490, 1491, 1671, 1687]	[205, 1490, 1491, 1671, 1687]	0.0000	1.0000
page_04_03_matches.csv	2	2	Cornudet	Cornudet	[64, 233, 247, 595, 596, 624, 679, 1661, 1663, 1715]	[64, 233, 247, 595, 596, 624, 679, 1661, 1663, 1715]	0.0000	1.0000
page_04_03_matches.csv	3	3	Coucoureux (Joseph)	Coucoureux (Joseph)	[358, 363, 583, 719, 730, 1707]	[358, 363, 583, 719, 730, 1707, 1707]	0.0476	0.9524
page_04_03_matches.csv	4	4	Courtier (Joseph)	Courtier (Joseph)	[109, 124, 175, 176, 272, 499, 558, 661, 662, 695, 764, 908, 986, 988, 990, 1115, 1318, 1343, 1360, 1446, 1665, 1668, 1669, 1672]	[109, 124, 175, 176, 272, 499, 558, 661, 662, 695, 764, 908, 986, 988, 990, 1115, 1318, 1343, 1360, 1446, 1665, 1668, 1669, 1672]	0.0000	1.0000
page_04_03_matches.csv	5	5	Curral (Hippolyte)	Gurral (Hippolyte)	[124, 1421, 1427, 1760, 1765, 1766, 1768, 1769, 1770, 1772, 1773, 1774, 1775, 1809, 1811, 1813]	[124, 1421, 1427, 1760, 1765, 1766, 1768, 1769, 1770, 1772, 1773, 1774, 1775, 1809, 1811, 1813]	0.0278	0.9722
page_04_03_matches.csv	6	6	Cuttoli (Paul)	Cuttoli (Paul)	[758, 1337, 1354]	[758, 1337, 1354]	0.0000	1.0000
page_04_03_matches.csv	7	7	Dalbiez (Victor)	Dalbiez (Victor)	[489, 511]	[489, 511]	0.0000	1.0000
page_04_03_matches.csv	8	8	Damecour	Damecour	[485, 497, 703, 1146, 1153, 1310, 1672, 1676, 1691, 1708]	[485, 497, 703, 1146, 1153, 1310, 1672, 1676, 1691, 1708]	0.0000	1.0000
page_04_03_matches.csv	9	9	Darteyre (Louis)	Darteyre (Louis)	[661]	[661]	0.0000	1.0000
page_04_03_matches.csv	10	10	Dauthy (Henry)	Dauthy (Henry)	[601, 898, 675, 1151, 1160, 1169, 1419, 1421, 1427, 1439, 1442, 1444, 1445, 1446, 1458, 1461, 1462, 1463, 1470, 1473, 1475, 1479, 1481, 1514]	[601, 898, 675, 1151, 1160, 1169, 1419, 1421, 1427, 1439, 1442, 1444, 1445, 1446, 1458, 1461, 1462, 1463, 1470, 1473, 1475, 1479, 1481, 1514]	0.0000	1.0000
page_04_03_matches.csv	11	11	David (Fernand)	David (Fernand)	[88, 113, 112, 486, 493, 498, 739, 1291, 1298, 1666, 1668, 1676, 1679, 1710, 1711, 1716, 1722, 1723]	[88, 113, 112, 486, 493, 498, 739, 1291, 1298, 1666, 1668, 1676, 1679, 1710, 1711, 1716, 1722, 1723]	0.0000	1.0000
page_04_03_matches.csv	12	12	Debierre (Charles)	Debierre (Charles)	[643, 859, 1029, 1561, 1562, 1565, 1129]	[643, 859, 1029, 1561, 1562, 1565, 1129]	0.0000	1.0000
page_04_03_matches.csv	13	13	Decroze	Decroze	[647]	[647]	0.0000	1.0000
page_04_03_matches.csv	14	14	Delahaye (Dominique)	Delahaye (Dominique)	[17, 36, 37, 1131, 1389, 1390, 1525, 1581, 1582, 1584, 110, 376, 415, 439, 446, 452, 569, 640, 709, 783, 853, 899, 506, 1127, 1220, 1294, 1444, 1445, 1446, 1463, 1553, 1563, 1623, 1664, 1676, 1695]	[17, 36, 37, 1131, 1389, 1390, 1525, 1581, 1582, 1584, 110, 376, 415, 439, 446, 452, 569, 640, 709, 183, 853, 783, 853, 899, 1220, 1294, 1444, 1445, 1446, 1463, 1553, 1563, 1623, 1664, 1676, 1695]	0.0261	0.9739
page_04_03_matches.csv	15	15	Delhoume (Louis)	Delhos (Louis)	[445, 495, 631, 657, 678, 703, 851, 902, 1286, 1319, 1537, 1626, 1670, 1690]	[445, 495, 631, 657, 678, 703, 851, 902, 1286, 1319, 1537, 1626, 1670, 1690]	0.0667	0.9333
page_04_03_matches.csv	16	16	Deligne	Deligne, ministre des travaux publics	[463, 465, 466, 672, 674, 677, 678, 680, 699, 703, 804, 969, 1130, 1226, 1686, 1687, 1690, 1691, 1693, 1694, 1695, 1696, 1730]	[463, 465, 466, 672, 674, 677, 678, 680, 699, 703, 804, 969, 1130, 1226, 1686, 1687, 1690, 1691, 1693, 1694, 1695, 1696, 1730]	0.3409	0.6591
page_04_03_matches.csv	17	17	Delpierre (Victor)	Delpierre (Victor)	[160, 490, 584]	[160, 490, 584]	0.0000	1.0000
page_04_03_matches.csv	18	18	Delthil (Roger)	Delthil (Roger)	[263, 271]	[263, 271]	0.0000	1.0000
page_04_01_matches.csv	0	0	Cheron (Henry)	Cheron (Henry)	[318, 434, 661, 776, 792, 1699]	[318, 434, 661, 776, 792, 1699]	0.0000	1.0000
page_04_01_matches.csv	1	1	Connevot	Connevot	[205, 1490, 1491, 1671, 1687]	[205, 1490, 1491, 1671, 1687]	0.0000	1.0000
page_04_01_matches.csv	2	2	Cornudet	Cornudet	[64, 233, 247, 595, 596, 624, 679, 1661, 1663, 1715]	[64, 233, 247, 595, 596, 624, 679, 1661, 1663, 1715]	0.0000	1.0000
page_04_01_matches.csv	3	3	Coucoureux (Joseph)	Coucoureux (Joseph)	[358, 363, 583, 719, 730, 1707]	[358, 363, 583, 719, 730, 1707, 1707]	0.0476	0.9524
page_04_01_matches.csv	4	4	Courtier (Joseph)	Courtier (Joseph)	[109, 124, 175, 176, 272, 499, 558, 661, 662, 695, 764, 908, 986, 988, 990, 1115, 1318, 1343, 1360, 1446, 1665, 1668, 1669, 1672]	[109, 124, 175, 176, 272, 499, 558, 661, 662, 695, 764, 908, 986, 988, 990, 1115, 1318, 1343, 1360, 1446, 1665, 1668, 1669, 1672]	0.0000	1.0000
page_04_01_matches.csv	5	5	Curral (Hippolyte)	Curral (Hippolyte)	[124, 1421, 1427, 1760, 1765, 1766, 1768, 1769, 1770, 1772, 1773, 1774, 1775, 1809, 1811, 1813]	[124, 1421, 1427, 1760, 1765, 1766, 1768, 1769, 1770, 1772, 1773, 1774, 1775, 1809, 1811, 1813]	0.0000	1.0000
page_04_01_matches.csv	6	6	Cuttoli (Paul)	Cuttoli (Paul)	[758, 1337, 1354]	[758, 1337, 1354]	0.0000	1.0000
page_04_01_matches.csv	7	7	Dalbiez (Victor)	Dalbiez (Victor)	[489, 511]	[489, 511]	0.0000	1.0000
page_04_01_matches.csv	8	8	Damecour	Damecour	[485, 497, 703, 1146, 1153, 1310, 1672, 1676, 1691, 1708]	[485, 497, 703, 1146, 1153, 1310, 1672, 1676, 1691, 1708]	0.0000	1.0000
page_04_01_matches.csv	9	9	Darteyre (Louis)	Darteyre (Louis)	[661]	[661]	0.0000	1.0000
page_04_01_matches.csv	10	10	Dauthy (Henry)	Dauthy (Henry)	[601, 898, 675, 1151, 1160, 1169, 1419, 1421, 1427, 1439, 1442, 1444, 1445, 1446, 1458, 1461, 1462, 1463, 1470, 1473, 1475, 1479, 1481, 1514]	[601, 898, 675, 1151, 1160, 1169, 1419, 1421, 1427, 1439, 1442, 1444, 1445, 1446, 1458, 1461, 1462, 1463, 1470, 1473, 1475, 1479, 1481, 1514]	0.0000	1.0000
page_04_01_matches.csv	11	11	David (Fernand)	David (Fernand)	[88, 113, 112, 486, 493, 498, 739, 1291, 1298, 1666, 1668, 1676, 1679, 1710, 1711, 1716, 1722, 1723]	[88, 113, 112, 486, 493, 498, 739, 1291, 1298, 1666, 1668, 1676, 1679, 1710, 1711, 1716, 1722, 1723]	0.0000	1.0000
page_04_01_matches.csv	12	12	Debierre (Charles)	Debierre (Charles)	[643, 859, 1029, 1561, 1562, 1565, 1129]	[643, 859, 1029, 1561, 1562, 1565, 1129]	0.0000	1.0000
page_04_01_matches.csv	13	13	Decroze	Decroze	[647]	[647]	0.0000	1.0000
page_04_01_matches.csv	14	14	Delahaye (Dominique)	Delahaye (Dominique)	[17, 36, 37, 1131, 1389, 1390, 1525, 1581, 1582, 1584, 110, 376, 415, 439, 446, 452, 569, 640, 709, 783, 853, 899, 506, 1127, 1220, 1294, 1444, 1445, 1446, 1463, 1553, 1563, 1623, 1664, 1676, 1695]	[17, 36, 37, 1131, 1389, 1390, 1525, 1581, 1582, 1584, 110, 376, 415, 439, 446, 452, 569, 640, 709, 783, 853, 899, 506, 1127, 1220, 1294, 1444, 1445, 1446, 1463, 1553, 1563, 1623, 1664, 1676, 1695]	0.0000	1.0000
page_04_01_matches.csv	15	15	Delhoume (Louis)	Delhoume (Louis)	[445, 495, 631, 657, 678, 703, 851, 902, 1286, 1319, 1537, 1626, 1670, 1690]	[445, 495, 631, 657, 678, 703, 851, 902, 1286, 1319, 1537, 1626, 1670, 1690]	0.0000	1.0000
page_04_01_matches.csv	16	16	Deligne	Deligne, ministre des travaux publics	[463, 465, 466, 672, 674, 677, 678, 680, 699, 703, 804, 969, 1130, 1226, 1686, 1687, 1690, 1691, 1693, 1694, 1695, 1696, 1730]	[463, 465, 466, 672, 674, 677, 678, 680, 699, 703, 804, 969, 1130, 1226, 1686, 1687, 1690, 1691, 1693, 1694, 1695, 1696, 1730]	0.3409	0.6591
page_04_01_matches.csv	17	17	Delpierre (Victor)	Delpierre (Victor)	[160, 490, 584]	[160, 490, 584]	0.0000	1.0000
page_04_01_matches.csv	18	18	Delthil (Roger)	Delthil (Roger)	[263, 271]	[263, 271]	0.0000	1.0000
page_04_02_matches.csv	0	0	Cheron (Henry)	Cheron (Henry)	[318, 434, 661, 776, 792, 1699]	[318, 434, 661, 776, 792, 1699]	0.0000	1.0000
page_04_02_matches.csv	1	1	Connevot	Connevot	[205, 1490, 1491, 1671, 1687]	[205, 1490, 1491, 1671, 1687]	0.0000	1.0000
page_04_02_matches.csv	2	2	Cornudet	Cornudet	[64, 233, 247, 595, 596, 624, 679, 1661, 1663, 1715]	[64, 233, 247, 595, 596, 624, 679, 1661, 1663, 1715]	0.0000	1.0000
page_04_02_matches.csv	3	3	Coucoureux (Joseph)	Coucoureux (Joseph)	[358, 363, 583, 719, 730, 1707]	[358, 363, 583, 719, 730, 1707, 1707]	0.0476	0.9524
page_04_02_matches.csv	4	4	Courtier (Joseph)	Courtier (Joseph)	[109, 124, 175, 176, 272, 499, 558, 661, 662, 695, 764, 908, 986, 988, 990, 1115, 1318, 1343, 1360, 1446, 1665, 1668, 1669, 1672]	[109, 124, 175, 176, 272, 499, 558, 661, 662, 695, 764, 908, 986, 988, 990, 1115, 1318, 1343, 1360, 1446, 1665, 1668, 1669, 1672]	0.0000	1.0000
page_04_02_matches.csv	5	5	Curral (Hippolyte)	Curral (Hippolyte)	[124, 1421, 1427, 1760, 1765, 1766, 1768, 1769, 1770, 1772, 1773, 1774, 1775, 1809, 1811, 1813]	[124, 1421, 1427, 1760, 1765, 1766, 1768, 1769, 1770, 1772, 1773, 1774, 1775, 1809, 1811, 1813]	0.0000	1.0000
page_04_02_matches.csv	6	6	Cuttoli (Paul)	Cuttoli (Paul)	[758, 1337, 1354]	[758, 1337, 1354]	0.0000	1.0000
page_04_02_matches.csv	7	7	Dalbiez (Victor)	Dalbiez (Victor)	[489, 511]	[489, 511]	0.0000	1.0000
page_04_02_matches.csv	8	8	Damecour	Damecour	[485, 497, 703, 1146, 1153, 1310, 1672, 1676, 1691, 1708]	[485, 497, 703, 1146, 1153, 1310, 1672, 1676, 1691, 1708]	0.0000	1.0000
page_04_02_matches.csv	9	9	Darteyre (Louis)	Darteyre (Louis)	[661]	[661]	0.0000	1.0000
page_04_02_matches.csv	10	10	Dauthy (Henry)	Dauthy (Henry)	[601, 898, 675, 1151, 1160, 1169, 1419, 1421, 1427, 1439, 1442, 1444, 1445, 1446, 1458, 1461, 1462, 1463, 1470, 1473, 1475, 1479, 1481, 1514]	[601, 898, 675, 1151, 1160, 1169, 1419, 1421, 1427, 1439, 1442, 1444, 1445, 1446, 1458, 1461, 1462, 1463, 1470, 1473, 1475, 1479, 1481, 1514]	0.0000	1.0000
page_04_02_matches.csv	11	11	David (Fernand)	David (Fernand)	[88, 113, 112, 486, 493, 498, 739, 1291, 1298, 1666, 1668, 1676, 1679, 1710, 1711, 1716, 1722, 1723]	[88, 113, 112, 486, 493, 498, 739, 1291, 1298, 1666, 1668, 1676, 1679, 1710, 1711, 1716, 1722, 1723]	0.0000	1.0000
page_04_02_matches.csv	12	12	Debierre (Charles)	Debierre (Charles)	[643, 859, 1029, 1561, 1562, 1565, 1129]	[643, 859, 1029, 1561, 1562, 1565, 1129]	0.0000	1.0000
page_04_02_matches.csv	13	13	Decroze	Decroze	[647]	[647]	0.0000	1.0000
page_04_02_matches.csv	14	14	Delahaye (Dominique)	Delahaye (Doique)	[17, 36, 37, 1131, 1389, 1390, 1525, 1581, 1582, 1584, 110, 376, 415, 439, 446, 452, 569, 640, 709, 783, 853, 899, 506, 1127, 1220, 1294, 1444, 1445, 1446, 1463, 1553, 1563, 1623, 1664, 1676, 1695]	[17, 36, 37, 1131, 1389, 1390, 1525, 1581, 1582, 1584, 110, 376, 415, 439, 446, 452, 569, 640, 709, 783, 853, 899, 1220, 1294, 1444, 1445, 1446, 1463, 1553, 1563, 1623, 1664, 1676, 1695]	0.0549	0.9451
page_04_02_matches.csv	15	15	Delhoume (Louis)	Delhoume (Louis)	[445, 495, 631, 657, 678, 703, 851, 902, 1286, 1319, 1537, 1626, 1670, 1690]	[445, 495, 631, 657, 678, 703, 851, 902, 1286, 1319, 1537, 1626, 1670, 1690]	0.0000	1.0000
page_04_02_matches.csv	16	16	Deligne	Deligne, ministre des travaux publics	[463, 465, 466, 672, 674, 677, 678, 680, 699, 703, 804, 969, 1130, 1226, 1686, 1687, 1690, 1691, 1693, 1694, 1695, 1696, 1730]	[463, 465, 466, 672, 674, 677, 678, 680, 699, 703, 804, 969, 1130, 1226, 1686, 1687, 1690, 1691, 1693, 1694, 1695, 1696, 1730]	0.3409	0.6591
page_04_02_matches.csv	17	17	Delpierre (Victor)	Delpierre (Victor)	[160, 490, 584]	[160, 490, 584]	0.0000	1.0000
page_04_02_matches.csv	18	18	Delthil (Roger)	Delthil (Roger)	[263, 271]	[263, 271]	0.0000	1.0000
page_02_03_corpusense_raw_matches.csv	0	0	Babin-Chevaye	BABIN-CHEVAYE	[8, 582, 719]	[1179, 1533, 1535, 1536, 4537, 1646, 1707, 1708, 8, 582, 719]	0.3478	0.6522
page_02_03_corpusense_raw_matches.csv	1	1	Bachelet (Alexandre)	Bachelet (Alexandre)	<renvoi d'index>	<renvoi d'index>	0.0000	1.0000
page_02_03_corpusense_raw_matches.csv	3	2	Barthou (Louis)	Barthou (Louis)	[394, 396, 397, 399, 1211, 1237]	[2, 394, 396, 397, 399, 1211, 1237]	0.0122	0.9878
page_02_03_corpusense_raw_matches.csv	4	3	Bazile (Gaston)	Bazile (Gaston)	[1560]	[1560]	0.0000	1.0000
page_02_03_corpusense_raw_matches.csv	5	4	Beaumont (Jean)	Beaumont (Jean)	[477, 1087, 1130, 1287, 1667, 1674, 1708]	[477, 1087, 1130, 1287, 1667, 1674, 1708]	0.0000	1.0000
page_02_03_corpusense_raw_matches.csv	6	5	Bénard (Léonus)	Bénard (Léon)	[146, 148, 832]	[146, 148, 832]	0.0357	0.9643
page_02_03_corpusense_raw_matches.csv	7	6	Bender	Bender	[966]	[966]	0.0000	1.0000
page_02_03_corpusense_raw_matches.csv	8	7	Bérard (Léon)	Bérard (Léon)	[35, 132, 172, 213, 270, 272, 326, 342, 344, 349, 358, 365, 372, 374, 415, 421, 422, 451, 452, 453, 454, 455, 461, 462, 958, 982, 1285, 1053, 1054, 1064, 1066, 1067, 1593, 1091, 1389, 1285, 1549, 1552, 1747, 1586, 1590, 1762, 1765, 1766, 1772, 1773, 1775, 1816]	[35, 132, 172, 213, 270, 272, 326, 342, 344, 349, 358, 365, 372, 374, 415, 421, 422, 451, 452, 453, 454, 455, 461, 462, 958, 982, 1053, 1054, 1064, 1066, 1067, 1091, 1389, 1285, 1549, 1552, 1747, 1586, 1590, 1762, 1765, 1766, 1772, 1773, 1775, 1816]	0.0124	0.9876
page_02_03_corpusense_raw_matches.csv	9	8	Bérard (Victor)	Bérard (Victor)	[229, 233, 286, 579, 581, 628, 643, 685, 704, 959, 1032, 1220, 1267, 1415]	[229, 233, 286, 579, 581, 628, 643, 685, 704, 959, 1032, 1220, 1267, 1415]	0.0000	1.0000
page_02_03_corpusense_raw_matches.csv	10	9	Bérenger (Henry)	Bérenger (Henry)	[148, 681, 754, 865, 1010, 1012, 1243, 1249, 1363, 1372, 1491]	[148, 681, 754, 865, 1010, 1012, 1243, 1249, 1363, 1372, 1491]	0.0000	1.0000
page_02_03_corpusense_raw_matches.csv	11	10	Bergeon (Benoît-Charles)	Bergeon (Benoît-Charles)	[517, 520, 521, 522, 523, 1517, 1695, 1696]	[517, 520, 521, 522, 523, 1517, 1695, 1696]	0.0000	1.0000
page_02_03_corpusense_raw_matches.csv	12	11	Betoulle (Léon)	Betoulle (Léon)	[317, 508, 603, 896, 616, 1099, 1764]	[317, 508, 603, 896, 616, 1099, 1764]	0.0000	1.0000
page_02_03_corpusense_raw_matches.csv	13	20	Blaignan (Raymond)	Blaignan (Raymond)	[112, 448, 449, 539, 1225]	<renvoi d'index>	0.5000	0.5000
page_02_03_corpusense_raw_matches.csv	14	12	Blaisot	Blaisot	[651, 654, 656, 658, 662, 1658, 1660, 1661, 1662, 1663, 1665]	[651, 654, 656, 658, 662, 1658, 1660, 1661, 1662, 1663, 1665]	0.0000	1.0000
page_02_03_corpusense_raw_matches.csv	15	13	Blois (comte Louis de)	Blois (comte Louis de)	[72, 402, 569, 593, 594, 622, 709, 901, 958, 1062, 1151, 1217, 1221, 1268, 1273, 1355, 1361, 1695]	[72, 402, 569, 593, 594, 622, 709, 901, 958, 1062, 1151, 1217, 1221, 1268, 1273, 1355, 1361, 1695]	0.0000	1.0000
page_02_03_corpusense_raw_matches.csv	16	14	Boivin-Champeaux	Boivin-Champeaux	[1, 344, 376, 379, 406, 784, 1590]	[1, 344, 376, 379, 406, 784, 1590]	0.0000	1.0000
page_02_03_corpusense_raw_matches.csv	17	15	Bompard (Maurice)	Bompard (Maurice)	[754]	[754]	0.0000	1.0000
page_02_03_corpusense_raw_matches.csv	18	16	Bon	Bon	[1417]	[1417]	0.0000	1.0000
page_02_03_corpusense_raw_matches.csv	19	17	Borgeot (Charles)	Borgeot (Charles)	[460, 738, 809, 863, 1292, 1330, 1333, 1362, 1631, 1732, 1678]	[460, 738, 809, 863, 1292, 1330, 1333, 1362, 1631, 1732, 1678]	0.0000	1.0000
page_02_03_corpusense_raw_matches.csv	20	18	Borrel (Antoine)	Borrel (Antoine)	[1418]	[1418]	0.0000	1.0000
page_02_03_corpusense_raw_matches.csv	21	19	Bosc (Jean)	Bosc (Jean)	<renvoi d'index>	<renvoi d'index>	0.0000	1.0000
page_02_03_corpusense_raw_matches.csv	22	21	Bourdeaux (Henry)	Bordeaux (Henry)	[799, 1066]	[799, 738, 1066]	0.1034	0.8966
page_02_01_vt_matches.csv	0	0	Babin-Chevaye	Babin-Chevaye	[8, 582, 719]	[8, 582, 719]	0.0000	1.0000
page_02_01_vt_matches.csv	1	1	Bachelet (Alexandre)	Bachelet (Alexandre)	<renvoi d'index>	<renvoi d'index>	0.0000	1.0000
page_02_01_vt_matches.csv	2	2	Barthou (Louis)	Barthou (Louis), ministre de la guerre	[2]	[2]	0.2170	0.7830
page_02_01_vt_matches.csv	3	3	Barthou (Louis)	Barthou (Louis)	[394, 396, 397, 399, 1211, 1237]	[394, 396, 397, 399, 1211, 1237]	0.0000	1.0000
page_02_01_vt_matches.csv	4	4	Bazile (Gaston)	Bazile (Gaston)	[1560]	[1560]	0.0000	1.0000
page_02_01_vt_matches.csv	5	5	Beaumont (Jean)	Beaumont (Jean)	[477, 1087, 1130, 1287, 1667, 1674, 1708]	[477, 1087, 1130, 1287, 1667, 1674, 1708]	0.0000	1.0000
page_02_01_vt_matches.csv	6	6	Bénard (Léonus)	Bénard (Léonus)	[146, 148, 832]	[146, 148, 832]	0.0000	1.0000
page_02_01_vt_matches.csv	7	7	Bender	Bender	[966]	[966]	0.0000	1.0000
page_02_01_vt_matches.csv	8	8	Bérard (Léon)	Bérard (Léon), garde des sceaux, ministre de la justice	[35, 132, 172, 213, 270, 272, 326, 342, 344, 349, 358, 365, 372, 374, 415, 421, 422, 451, 452, 453, 454, 455, 461, 462, 958, 982, 1285, 1053, 1054, 1064, 1066, 1067, 1593, 1091, 1389, 1285, 1549, 1552, 1747, 1586, 1590, 1762, 1765, 1766, 1772, 1773, 1775, 1816]	[35, 132, 172, 213, 270, 272, 326, 342, 344, 349, 358, 365, 372, 374, 415, 421, 422, 451, 452, 453, 454, 455, 461, 462, 958, 982, 1053, 1054, 1064, 1066, 1067, 1091, 1389, 1285, 1549, 1552, 1747, 1586, 1590, 1762, 1765, 1766, 1772, 1773, 1775, 1816]	0.3212	0.6788
page_02_01_vt_matches.csv	9	9	Bérard (Victor)	Bérard (Victor)	[229, 233, 286, 579, 581, 628, 643, 685, 704, 959, 1032, 1220, 1267, 1415]	[229, 233, 286, 579, 581, 628, 643, 685, 704, 959, 1032, 1220, 1267, 1415]	0.0000	1.0000
page_02_01_vt_matches.csv	10	10	Bérenger (Henry)	Bérenger (Henry)	[148, 681, 754, 865, 1010, 1012, 1243, 1249, 1363, 1372, 1491]	[148, 681, 754, 865, 1010, 1012, 1243, 1249, 1363, 1372, 1491]	0.0000	1.0000
page_02_01_vt_matches.csv	11	11	Bergeon (Benoît-Charles)	Bergeon (Benoît-Charles)	[517, 520, 521, 522, 523, 1517, 1695, 1696]	[517, 520, 521, 522, 523, 1517, 1695, 1696]	0.0000	1.0000
page_02_01_vt_matches.csv	12	12	Betoulle (Léon)	Betoulle (Léon)	[317, 508, 603, 896, 616, 1099, 1764]	[317, 508, 603, 896, 616, 1099, 1764]	0.0000	1.0000
page_02_01_vt_matches.csv	13	13	Blaignan (Raymond)	Blaignan (Raymond)	[112, 448, 449, 539, 1225]	[112, 448, 449, 539, 1225]	0.0000	1.0000
page_02_01_vt_matches.csv	14	14	Blaisot	Blaisot, ministre de la santé publique	[651, 654, 656, 658, 662, 1658, 1660, 1661, 1662, 1663, 1665]	[651, 654, 656, 658, 662, 1658, 1660, 1661, 1662, 1663, 1665]	0.3444	0.6556
page_02_01_vt_matches.csv	15	15	Blois (comte Louis de)	Blois (comte Louis de)	[72, 402, 569, 593, 594, 622, 709, 901, 958, 1062, 1151, 1217, 1221, 1268, 1273, 1355, 1361, 1695]	[72, 402, 569, 593, 594, 622, 709, 901, 958, 1062, 1151, 1217, 1221, 1268, 1273, 1355, 1361, 1695]	0.0000	1.0000
page_02_01_vt_matches.csv	16	16	Boivin-Champeaux	Boivin-Champeaux	[1, 344, 376, 379, 406, 784, 1590]	[1, 344, 376, 379, 406, 784]	0.0556	0.9444
page_02_01_vt_matches.csv	17	17	Bompard (Maurice)	Bompard (Maurice)	[754]	[754]	0.0000	1.0000
page_02_01_vt_matches.csv	18	18	Bon	Bon	[1417]	[1417]	0.0000	1.0000
page_02_01_vt_matches.csv	19	19	Borgeot (Charles)	Borgeot (Charles)	[460, 738, 809, 863, 1292, 1330, 1333, 1362, 1631, 1732, 1678]	[460, 738, 809, 863, 1292, 1330, 1333, 1362, 1631, 1732, 1678]	0.0000	1.0000
page_02_01_vt_matches.csv	20	20	Borrel (Antoine)	Borrel (Antoine)	[1418]	[1418]	0.0000	1.0000
page_02_01_vt_matches.csv	21	21	Bosc (Jean)	Bosc (Jean)	<renvoi d'index>	<renvoi d'index>	0.0000	1.0000
page_02_01_vt_matches.csv	22	22	Bourdeaux (Henry)	Bourdeaux (Henry)	[799, 1066]	[799, 738, 1066]	0.0882	0.9118
page_02_02_corpusense_boxes_matches.csv	0	0	Babin-Chevaye	Babin-Chevaye	[8, 582, 719]	[8, 582, 719]	0.0000	1.0000
page_02_02_corpusense_boxes_matches.csv	1	1	Bachelet (Alexandre)	Bachelet (Alexandre)	<renvoi d'index>	<renvoi d'index>	0.0000	1.0000
page_02_02_corpusense_boxes_matches.csv	3	2	Barthou (Louis)	Barthou (Louis)	[394, 396, 397, 399, 1211, 1237]	[2, 394, 396, 397, 399, 1211, 1237]	0.0122	0.9878
page_02_02_corpusense_boxes_matches.csv	4	3	Bazile (Gaston)	Bazile (Gaston)	[1560]	[1560]	0.0000	1.0000
page_02_02_corpusense_boxes_matches.csv	5	4	Beaumont (Jean)	Beaumont (Jean)	[477, 1087, 1130, 1287, 1667, 1674, 1708]	[477, 1087, 1130, 1287, 1667, 1674, 1708]	0.0000	1.0000
page_02_02_corpusense_boxes_matches.csv	6	5	Bénard (Léonus)	Bénard (Léon)	[146, 148, 832]	[146, 148, 832]	0.0357	0.9643
page_02_02_corpusense_boxes_matches.csv	7	6	Bender	Bender	[966]	[966]	0.0000	1.0000
page_02_02_corpusense_boxes_matches.csv	8	7	Bérard (Léon)	Bérard (Léon)	[35, 132, 172, 213, 270, 272, 326, 342, 344, 349, 358, 365, 372, 374, 415, 421, 422, 451, 452, 453, 454, 455, 461, 462, 958, 982, 1285, 1053, 1054, 1064, 1066, 1067, 1593, 1091, 1389, 1285, 1549, 1552, 1747, 1586, 1590, 1762, 1765, 1766, 1772, 1773, 1775, 1816]	[35, 132, 172, 213, 270, 272, 326, 342, 344, 349, 358, 365, 372, 374, 415, 421, 422, 451, 452, 453, 454, 455, 461, 462, 958, 982, 1053, 1054, 1064, 1066, 1067, 1091, 1389, 1285, 1549, 1552, 1747, 1586, 1590, 1762, 1765, 1766, 1772, 1773, 1775, 1816]	0.0124	0.9876
page_02_02_corpusense_boxes_matches.csv	10	8	Bérenger (Henry)	Bérenger (Henry)	[148, 681, 754, 865, 1010, 1012, 1243, 1249, 1363, 1372, 1491]	[148, 681, 754, 865, 1010, 1012, 1243, 1249, 1363, 1372, 1491]	0.0000	1.0000
page_02_02_corpusense_boxes_matches.csv	11	9	Bergeon (Benoît-Charles)	Bergeon (Benoît-Charles)	[517, 520, 521, 522, 523, 1517, 1695, 1696]	[517, 520, 521, 522, 523, 1517, 1695, 1696]	0.0000	1.0000
page_02_02_corpusense_boxes_matches.csv	12	10	Betoulle (Léon)	Betoulle (Léon)	[317, 508, 603, 896, 616, 1099, 1764]	[317, 508, 603, 616, 1099, 1764]	0.0349	0.9651
page_02_02_corpusense_boxes_matches.csv	13	11	Blaignan (Raymond)	Blaignan (Raymond)	[112, 448, 449, 539, 1225]	[112, 448, 449, 539, 1225]	0.0000	1.0000
page_02_02_corpusense_boxes_matches.csv	14	12	Blaisot	Blaisot	[651, 654, 656, 658, 662, 1658, 1660, 1661, 1662, 1663, 1665]	[651, 654, 656, 658, 662, 1658, 1660, 1661, 1662, 1663, 1665]	0.0000	1.0000
page_02_02_corpusense_boxes_matches.csv	15	13	Blois (comte Louis de)	Blois (comte Louis de)	[72, 402, 569, 593, 594, 622, 709, 901, 958, 1062, 1151, 1217, 1221, 1268, 1273, 1355, 1361, 1695]	[72, 402, 569, 593, 594, 622, 709, 901, 958, 1062, 1151, 1217, 1221, 1268, 1273, 1355, 1361, 1695]	0.0000	1.0000
page_02_02_corpusense_boxes_matches.csv	16	14	Boivin-Champeaux	Boivin-Champeaux	[1, 344, 376, 379, 406, 784, 1590]	[1, 344, 376, 379, 406, 784]	0.0556	0.9444
page_02_02_corpusense_boxes_matches.csv	17	15	Bompard (Maurice)	Bompard (Maurice)	[754]	[754]	0.0000	1.0000
page_02_02_corpusense_boxes_matches.csv	18	16	Bon	Bon	[1417]	[1417]	0.0000	1.0000
page_02_02_corpusense_boxes_matches.csv	19	17	Borgeot (Charles)	Borgeot (Charles)	[460, 738, 809, 863, 1292, 1330, 1333, 1362, 1631, 1732, 1678]	[460, 738, 809, 863, 1292, 1330, 1333, 1362, 1631, 1732, 1678]	0.0000	1.0000
page_02_02_corpusense_boxes_matches.csv	20	18	Borrel (Antoine)	Borrel (Antoine)	[1418]	[1418]	0.0000	1.0000
page_02_02_corpusense_boxes_matches.csv	21	19	Bosc (Jean)	Bosc (Jean)	<renvoi d'index>	<renvoi d'index>	0.0000	1.0000
page_02_02_corpusense_boxes_matches.csv	22	20	Bourdeaux (Henry)	Bourdeaux (Henry)	[799, 1066]	[799, 1066]	0.0000	1.0000
page_05_03_matches.csv	0	2	Dentu	Dentu	[1024, 1031, 1560, 1563, 1564]	[1024, 1031, 1560, 1563, 1564]	0.0000	1.0000
page_05_03_matches.csv	1	3	Desjardins (Charles)	Desjardins (Charles)	[563]	[563]	0.0000	1.0000
page_05_03_matches.csv	2	4	Donon (Marcel)	Donon (Marcel)	[8, 113, 247, 537, 574, 649, 776, 866, 1325, 1326, 1332, 1335, 1351, 1355, 1356, 1360, 1366, 1368, 1389, 1584]	[8, 113, 247, 537, 649, 776, 574, 1389, 866, 1325, 1326, 1332, 1335, 1351, 1355, 1356, 1360, 1366, 1368, 1584]	0.0500	0.9500
page_05_03_matches.csv	3	5	Doumer (Paul)	Doumer (Paul)	[8, 15, 129, 143, 203, 386, 933, 935, 938, 1021]	[8, 15, 129, 143, 203, 386, 935, 933, 938, 938, 1021]	0.0424	0.9576
page_05_03_matches.csv	4	6	Drivet	Drivet	[635, 676, 768]	[635, 676, 768]	0.0000	1.0000
page_05_03_matches.csv	5	7	Duchein	Duchein	[491]	[491, 491]	0.1667	0.8333
page_05_03_matches.csv	6	8	Dumesnil	Dumesnil, ministre de l'air	[394, 396, 401, 402, 541, 546, 548, 549, 550, 551, 552, 845, 1003, 1700, 1701, 1702, 1703]	[394, 396, 401, 402, 541, 546, 548, 519, 550, 551, 552]	0.4119	0.5881
page_05_03_matches.csv	7	9	Dumont (Charles)	Dumont (Charles), ministre de la marine militaire	[133, 296, 297, 516, 519, 520, 521, 531, 533, 695, 696, 1136, 1258, 1274, 1278, 1279, 1280, 1282]	[133, 296, 297, 516, 519, 520, 521, 531, 533, 695, 696, 1136, 1258, 1274, 1278, 1279, 1280, 1282]	0.2538	0.7462
page_05_03_matches.csv	8	10	Duplantier	Duplantier	[407, 1584]	[407, 1584]	0.0000	1.0000
page_05_03_matches.csv	9	11	Durand (Jean)	Durand (Jean)	<renvoi d'index>	<renvoi d'index>	0.0000	1.0000
page_05_03_matches.csv	10	12	Duroux (Jacques)	Duroux (Jaoques)	[1347]	[1347]	0.0312	0.9688
page_05_03_matches.csv	11	13	Eccard (Frédéric)	Eccard (Frédéric)	[262, 406, 627, 1094, 1389]	[262, 1094, 1389, 406, 627]	0.1765	0.8235
page_05_03_matches.csv	12	14	Gavillon (Edmond)	Edmond Cavillon	[17, 125, 182, 197, 563, 806, 884, 1094, 1102, 1124, 1389, 1559, 1582, 1812]	[17, 125, 182, 197, 563, 806, 884, 1094, 1389, 1102, 1124, 1559, 1582, 1812, 1812]	0.3412	0.6587
page_05_03_matches.csv	13	1	Sari (Emile)	Emile Sari	[8, 622, 623, 648, 652, 766, 785, 850, 850, 1606, 1715, 1717]	[8, 622, 623, 648, 652, 766, 850, 766, 785, 850, 1606, 1715, 1717, 304, 306, 304, 625, 671, 835, 1063, 1647]	0.4426	0.5574
page_05_03_matches.csv	14	15	Chanal (Eugène)	Eugène Chanal	[109, 1297, 1368]	[109, 1297, 1368]	0.2857	0.7143
page_05_03_matches.csv	15	16	Penancier (Eugène)	Eugène Penancier	[270, 328, 342, 345, 346, 348, 360, 364, 365, 371, 373, 378, 379, 416, 417, 418, 419, 584, 1211, 1549, 1555, 1633, 1775]	[270, 328, 342, 345, 346, 348, 360, 364, 365, 371, 373, 378, 379, 416, 417, 418, 419, 584, 1211, 1549, 1555, 1633, 1175]	0.2421	0.7579
page_05_03_matches.csv	16	17	Even	Even	[196, 211, 785, 797]	[196, 211, 785, 797, 797]	0.0556	0.9444
page_05_03_matches.csv	17	18	Farjon (Roger)	Farjon (Roger)	[95, 133, 387, 519, 660, 862, 901, 1095, 1260, 1648]	[95, 133, 387, 519, 660, 660, 862, 901, 1095, 1260, 1648]	0.0224	0.9776
page_05_03_matches.csv	18	0	Faure (Joseph)	Faure (Joseph)	[83, 125, 485, 494, 727, 731, 798, 808, 809, 862, 864, 969, 1136, 1289]	[5, 1003, 1700, 1701, 1702, 1703, 622, 623, 648, 652, 766, 850, 766, 785, 850, 304, 306, 304, 625, 671, 835, 1063, 1647]	0.3974	0.6026
page_05_02_matches.csv	0	0	Dentu	Dentu	[1024, 1031, 1560, 1563, 1564]	[1024, 1031, 1560, 1563, 1564]	0.0000	1.0000
page_05_02_matches.csv	1	1	Desjardins (Charles)	Desjardins (Charles)	[563]	[563]	0.0000	1.0000
page_05_02_matches.csv	2	2	Donon (Marcel)	Donon (Marcel)	[8, 113, 247, 537, 574, 649, 776, 866, 1325, 1326, 1332, 1335, 1351, 1355, 1356, 1360, 1366, 1368, 1389, 1584]	[8, 113, 247, 537, 649, 776, 574, 1389, 866, 1325, 1326, 1332, 1335, 1351, 1355, 1356, 1360, 1366, 1368, 1584]	0.0500	0.9500
page_05_02_matches.csv	3	3	Doumer (Paul)	Doumer (Paul)	[8, 15, 129, 143, 203, 386, 933, 935, 938, 1021]	[8, 15, 129, 143, 203, 386, 935, 933, 938, 1021]	0.0357	0.9643
page_05_02_matches.csv	4	4	Drivet	Drivet	[635, 676, 768]	[635, 676, 768]	0.0000	1.0000
page_05_02_matches.csv	5	5	Duchein	Duchein	[491]	[491]	0.0000	1.0000
page_05_02_matches.csv	6	6	Dumesnil	Dumesnil, ministre de l'air	[394, 396, 401, 402, 541, 546, 548, 549, 550, 551, 552, 845, 1003, 1700, 1701, 1702, 1703]	[394, 396, 401, 402, 541, 546, 548, 519, 550, 551, 552, 1003, 1700, 1701, 1702, 1703]	0.2944	0.7056
page_05_02_matches.csv	7	7	Dumont (Charles)	Dumont (Charles), ministre de la marine militaire	[133, 296, 297, 516, 519, 520, 521, 531, 533, 695, 696, 1136, 1258, 1274, 1278, 1279, 1280, 1282]	[133, 296, 297, 516, 519, 520, 521, 531, 533, 695, 696, 1136, 1258, 1274, 1278, 1279, 1280, 1282]	0.2538	0.7462
page_05_02_matches.csv	8	8	Duplantier	Duplantier	[407, 1584]	[407, 1584]	0.0000	1.0000
page_05_02_matches.csv	9	9	Durand (Jean)	Durand (Jean)	<renvoi d'index>	[1094, 1389]	0.5000	0.5000
page_05_02_matches.csv	10	10	Duroux (Jacques)	Duroux (Jaeques)	[1347]	[1347]	0.0312	0.9688
page_05_02_matches.csv	11	11	Eccard (Frédéric)	Eccard (Frédéric)	[262, 406, 627, 1094, 1389]	[262, 1094, 1389, 406, 627]	0.1765	0.8235
page_05_02_matches.csv	12	12	Gavillon (Edmond)	Edmond Gavillon	[17, 125, 182, 197, 563, 806, 884, 1094, 1102, 1124, 1389, 1559, 1582, 1812]	[17, 125, 182, 197, 563, 806, 884, 1094, 1102, 1124, 1559, 1582, 1812]	0.2717	0.7283
page_05_02_matches.csv	13	13	Sari (Emile)	Emile Sari	[8, 622, 623, 648, 652, 766, 785, 850, 850, 1606, 1715, 1717]	[8, 622, 623, 648, 652, 766, 850, 766, 785, 850, 1606, 1715, 1717]	0.3312	0.6688
page_05_02_matches.csv	14	14	Chanal (Eugène)	Eugène Chanal	[109, 1297, 1368]	[109, 1297, 1368]	0.2857	0.7143
page_05_02_matches.csv	15	15	Penancier (Eugène)	Eugène Penancier	[270, 328, 342, 345, 346, 348, 360, 364, 365, 371, 373, 378, 379, 416, 417, 418, 419, 584, 1211, 1549, 1555, 1633, 1775]	[270, 328, 342, 345, 346, 348, 360, 364, 365, 371, 373, 378, 379, 416, 417, 418, 419, 584, 1211, 1549, 1555, 1633, 1775]	0.2353	0.7647
page_05_02_matches.csv	16	16	Even	Even	[196, 211, 785, 797]	[196, 211, 785, 797]	0.0000	1.0000
page_05_02_matches.csv	17	17	Farjon (Roger)	Farjon (Roger)	[95, 133, 387, 519, 660, 862, 901, 1095, 1260, 1648]	[95, 133, 387, 519, 660, 862, 901, 1095, 1260, 1648]	0.0000	1.0000
page_05_02_matches.csv	18	18	Faure (Joseph)	Faure (Joseph)	[83, 125, 485, 494, 727, 731, 798, 808, 809, 862, 864, 969, 1136, 1289]	[83, 969, 125, 485, 494, 727, 731, 798, 808, 809, 862, 1289]	0.0823	0.9177
page_05_01_matches.csv	0	0	Dentu	Dentu	[1024, 1031, 1560, 1563, 1564]	[1024, 1031, 1560, 1563, 1564]	0.0000	1.0000
page_05_01_matches.csv	1	1	Desjardins (Charles)	Desjardins (Charles)	[563]	[563]	0.0000	1.0000
page_05_01_matches.csv	2	2	Donon (Marcel)	Donon (Marcel)	[8, 113, 247, 537, 574, 649, 776, 866, 1325, 1326, 1332, 1335, 1351, 1355, 1356, 1360, 1366, 1368, 1389, 1584]	[8, 113, 247, 537, 649, 776, 574, 1389, 866, 1325, 1326, 1332, 1335, 1351, 1355, 1356, 1360, 1366, 1368, 1584]	0.0500	0.9500
page_05_01_matches.csv	3	18	Doumer (Paul)	Paul Doumer	[8, 15, 129, 143, 203, 386, 933, 935, 938, 1021]	[8, 15, 129, 143, 203, 386, 935, 933, 938, 1021]	0.2857	0.7143
page_05_01_matches.csv	4	3	Drivet	Drivet	[635, 676, 768]	[635, 676, 768]	0.0000	1.0000
page_05_01_matches.csv	5	4	Duchein	Duchein	[491]	[491]	0.0000	1.0000
page_05_01_matches.csv	6	5	Dumesnil	Dumesnil, ministre de l'air	[394, 396, 401, 402, 541, 546, 548, 549, 550, 551, 552, 845, 1003, 1700, 1701, 1702, 1703]	[394, 396, 401, 402, 541, 546, 548, 549, 550, 551, 552, 845, 1003, 1700, 1701, 1702, 1703]	0.2714	0.7286
page_05_01_matches.csv	7	6	Dumont (Charles)	Dumont (Charles), ministre de la marine militaire	[133, 296, 297, 516, 519, 520, 521, 531, 533, 695, 696, 1136, 1258, 1274, 1278, 1279, 1280, 1282]	[133, 296, 297, 516, 519, 520, 521, 531, 533, 695, 696, 1136, 1258, 1274, 1278, 1279, 1280, 1282]	0.2538	0.7462
page_05_01_matches.csv	8	7	Duplantier	Duplantier	[407, 1584]	[407, 1584]	0.0000	1.0000
page_05_01_matches.csv	9	8	Durand (Jean)	Durand (Jean)	<renvoi d'index>	[1024, 1031, 1560, 1563, 1564]	0.5000	0.5000
page_05_01_matches.csv	10	9	Duroux (Jacques)	Duroux (Jacques)	[1347]	[1347]	0.0000	1.0000
page_05_01_matches.csv	11	10	Eccard (Frédéric)	Eccard (Frédéric)	[262, 406, 627, 1094, 1389]	[262, 1094, 1389, 406, 627]	0.1765	0.8235
page_05_01_matches.csv	12	11	Gavillon (Edmond)	Edmond Gavillon	[17, 125, 182, 197, 563, 806, 884, 1094, 1102, 1124, 1389, 1559, 1582, 1812]	[17, 125, 182, 197, 563, 806, 884, 1094, 1389, 1102, 1124, 1559, 1582, 1812]	0.2917	0.7083
page_05_01_matches.csv	13	12	Sari (Emile)	Emile Sari	[8, 622, 623, 648, 652, 766, 785, 850, 850, 1606, 1715, 1717]	[8, 622, 623, 648, 652, 766, 850, 766, 785, 850, 1606, 1715, 1717]	0.3312	0.6688
page_05_01_matches.csv	14	13	Chanal (Eugène)	Eugène Chanal	[109, 1297, 1368]	[109, 1297, 1368]	0.2857	0.7143
page_05_01_matches.csv	15	14	Penancier (Eugène)	Eugène Penancier	[270, 328, 342, 345, 346, 348, 360, 364, 365, 371, 373, 378, 379, 416, 417, 418, 419, 584, 1211, 1549, 1555, 1633, 1775]	[270, 328, 342, 345, 346, 348, 360, 364, 365, 371, 373, 378, 379, 416, 417, 418, 419, 584, 1211, 1549, 1555, 1633, 1775]	0.2353	0.7647
page_05_01_matches.csv	16	15	Even	Even	[196, 211, 785, 797]	[196, 211, 785, 797]	0.0000	1.0000
page_05_01_matches.csv	17	16	Farjon (Roger)	Farjon (Roger)	[95, 133, 387, 519, 660, 862, 901, 1095, 1260, 1648]	[95, 133, 387, 519, 660, 862, 901, 1095, 1260, 1648]	0.0000	1.0000
page_05_01_matches.csv	18	17	Faure (Joseph)	Faure (Joseph)	[83, 125, 485, 494, 727, 731, 798, 808, 809, 862, 864, 969, 1136, 1289]	[83, 969, 1136, 125, 485, 494, 727, 731, 798, 808, 809, 862, 864, 1289]	0.0814	0.9186
